constraint,start,end,before,after,edits,% edited
30-70% GC/16bp,0,777,PASS,PASS,16,2.06
cds,0,777,PASS,PASS,16,2.06
No TCAAGCGGA,34,43,FAIL,PASS,1,11.11
No GTCAATTTCC,75,85,FAIL,PASS,1,10.0
No GCTGTCGAT,114,123,FAIL,PASS,1,11.11
No GACCATCCTG,186,196,FAIL,PASS,1,10.0
No CACGGACAC,251,260,FAIL,PASS,1,11.11
No AC,280,282,FAIL,PASS,1,50.0
No TCGCCGAAT,331,340,FAIL,PASS,1,11.11
No CT,341,343,FAIL,PASS,1,50.0
No CT,343,345,FAIL,PASS,1,50.0
No ACTCCACCCT,400,410,FAIL,PASS,1,10.0
No CT,459,461,FAIL,PASS,1,50.0
No CT,461,463,FAIL,PASS,1,50.0
No GCTCCTCCCT,652,662,FAIL,PASS,1,10.0
No GCTCTCCAGC,683,693,FAIL,PASS,1,10.0
