constraint,start,end,before,after,edits,% edited
30-70% GC/46bp,0,2304,PASS,PASS,26,1.13
cds,0,2304,PASS,PASS,26,1.13
No AAAGCCAGTT,434,444,FAIL,PASS,1,10.0
No GTGCCACTGA,622,632,FAIL,PASS,1,10.0
No TTACTTCGG,707,716,FAIL,PASS,1,11.11
No TACTTCGGTGAACAA,708,723,FAIL,PASS,2,13.33
No TTACTTCGG,752,761,FAIL,PASS,1,11.11
No TGCCGCCATT,857,867,FAIL,PASS,1,10.0
No CTT,997,1000,FAIL,PASS,1,33.33
No CTT,1000,1003,FAIL,PASS,1,33.33
No CA,1016,1018,FAIL,PASS,1,50.0
No TGC,1139,1142,FAIL,PASS,1,33.33
No TGC,1142,1145,FAIL,PASS,1,33.33
No AA,1240,1242,FAIL,PASS,1,50.0
No A,1244,1245,FAIL,PASS,1,100.0
No CAA,1318,1321,FAIL,PASS,1,33.33
No CAA,1321,1324,FAIL,PASS,1,33.33
No CAGTAAAGGG,1678,1688,FAIL,PASS,1,10.0
No AA,1747,1749,FAIL,PASS,1,50.0
No GA,1781,1783,FAIL,PASS,1,50.0
No GA,1783,1785,FAIL,PASS,1,50.0
No GA,1865,1867,FAIL,PASS,1,50.0
No GA,1867,1869,FAIL,PASS,1,50.0
No GA,1880,1882,FAIL,PASS,1,50.0
No GCTGCCGAA,1902,1911,FAIL,PASS,1,11.11
No AAACCACATT,2081,2091,FAIL,PASS,1,10.0
No CCGAGCAAG,2127,2136,FAIL,PASS,1,11.11
No CCGCCAAGT,2269,2278,FAIL,PASS,1,11.11
