constraint,start,end,before,after,edits,% edited
30-70% GC/66bp,0,3294,PASS,PASS,25,0.76
cds,0,3294,PASS,PASS,25,0.76
No AA,7,9,FAIL,PASS,1,50.0
No ATGACGAGGA,43,53,FAIL,PASS,1,10.0
No TT,416,418,FAIL,PASS,1,50.0
No AACATTACCA,809,819,FAIL,PASS,1,10.0
No CTTTCCGGA,989,998,FAIL,PASS,1,11.11
No TT,1117,1119,FAIL,PASS,1,50.0
No CACGCCACTGA,1125,1136,FAIL,PASS,1,9.09
No CTCTGCGCA,1445,1454,FAIL,PASS,1,11.11
No AAG,1526,1529,FAIL,PASS,1,33.33
No AAG,1529,1532,FAIL,PASS,1,33.33
No GTGCCACTGT,1765,1775,FAIL,PASS,1,10.0
No TATACAACAC,1869,1879,FAIL,PASS,1,10.0
No AG,1898,1900,FAIL,PASS,1,50.0
No AG,1900,1902,FAIL,PASS,1,50.0
No GGCGTGGTAT,1975,1985,FAIL,PASS,1,10.0
No AAACGCGCT,2022,2031,FAIL,PASS,1,11.11
No AA,2033,2035,FAIL,PASS,1,50.0
No GA,2042,2044,FAIL,PASS,1,50.0
No GA,2044,2046,FAIL,PASS,1,50.0
No GA,2579,2581,FAIL,PASS,1,50.0
No GA,2735,2737,FAIL,PASS,1,50.0
No GA,2737,2739,FAIL,PASS,1,50.0
No ACAGGCTCTC,2973,2983,FAIL,PASS,1,10.0
No AA,3011,3013,FAIL,PASS,1,50.0
