constraint,start,end,before,after,edits,% edited
30-70% GC/59bp,0,2943,PASS,PASS,29,0.99
cds,0,2943,PASS,PASS,29,0.99
No AG,266,268,FAIL,PASS,1,50.0
No AG,268,270,FAIL,PASS,1,50.0
No TTAAATGATT,300,310,FAIL,PASS,1,10.0
No CAGGAGAACA,345,355,FAIL,PASS,1,10.0
No CACACGCGT,449,458,FAIL,PASS,1,11.11
No AA,508,510,FAIL,PASS,1,50.0
No AT,595,597,FAIL,PASS,1,50.0
No TAAACTGGAC,893,903,FAIL,PASS,1,10.0
No CAA,981,984,FAIL,PASS,1,33.33
No CAA,984,987,FAIL,PASS,1,33.33
No GTT,1077,1080,FAIL,PASS,1,33.33
No GTT,1080,1083,FAIL,PASS,1,33.33
No CAACCTCCACA,1221,1232,FAIL,PASS,1,9.09
No AACCTCCACA,1222,1232,FAIL,PASS,1,10.0
No CGCAAGGTT,1268,1277,FAIL,PASS,1,11.11
No TTAACACGGTT,1456,1467,FAIL,PASS,1,9.09
No GAA,1641,1644,FAIL,PASS,1,33.33
No GAA,1644,1647,FAIL,PASS,1,33.33
No TT,1778,1780,FAIL,PASS,1,50.0
No TT,1780,1782,FAIL,PASS,1,50.0
No ACTTTCACTA,1827,1837,FAIL,PASS,1,10.0
No CCGCAAAGA,1843,1852,FAIL,PASS,1,11.11
No TAA,2021,2024,FAIL,PASS,1,33.33
No TAA,2024,2027,FAIL,PASS,1,33.33
No AAGCAC,2058,2064,FAIL,PASS,1,16.67
No AAGCAC,2064,2070,FAIL,PASS,1,16.67
No AAGCAC,2070,2076,FAIL,PASS,1,16.67
No TGA,2495,2498,FAIL,PASS,1,33.33
No TGA,2498,2501,FAIL,PASS,1,33.33
