constraint,start,end,before,after,edits,% edited
30-70% GC/60bp,0,2991,PASS,PASS,26,0.87
cds,0,2991,PASS,PASS,26,0.87
No AA,47,49,FAIL,PASS,1,50.0
No TA,155,157,FAIL,PASS,1,50.0
No TA,157,159,FAIL,PASS,1,50.0
No AAACTCCATG,506,516,FAIL,PASS,1,10.0
No GA,587,589,FAIL,PASS,1,50.0
No GA,589,591,FAIL,PASS,1,50.0
No GAATCACAAC,618,628,FAIL,PASS,1,10.0
No CGCTCCCTC,814,823,FAIL,PASS,1,11.11
No CT,846,848,FAIL,PASS,1,50.0
No CT,848,850,FAIL,PASS,1,50.0
No CA,920,922,FAIL,PASS,1,50.0
No CGAAGTAAT,1121,1130,FAIL,PASS,1,11.11
No GTAATTTTCC,1125,1135,FAIL,PASS,2,20.0
No TT,1225,1227,FAIL,PASS,1,50.0
No TGAACCACCC,1345,1355,FAIL,PASS,1,10.0
No AA,1523,1525,FAIL,PASS,1,50.0
No TT,1588,1590,FAIL,PASS,1,50.0
No TTACGCGTT,1686,1695,FAIL,PASS,1,11.11
No GACATTCCAA,1766,1776,FAIL,PASS,1,10.0
No TT,1970,1972,FAIL,PASS,1,50.0
No TT,1972,1974,FAIL,PASS,1,50.0
No TCA,2083,2086,FAIL,PASS,1,33.33
No TCA,2086,2089,FAIL,PASS,1,33.33
No GTGTACCACC,2644,2654,FAIL,PASS,1,10.0
No AGTGAAAGTA,2766,2776,FAIL,PASS,1,10.0
