constraint,start,end,before,after,edits,% edited
30-70% GC/13bp,0,636,PASS,PASS,13,2.04
cds,0,636,PASS,PASS,13,2.04
No ACTGCACTGT,22,32,FAIL,PASS,1,10.0
No CGCACTTGCA,193,203,FAIL,PASS,2,20.0
No ACTTGCACAA,196,206,FAIL,PASS,2,20.0
No ACAAGAAAAG,202,212,FAIL,PASS,2,20.0
No CCGCTTTCC,243,252,FAIL,PASS,1,11.11
No TTCATCTCC,305,314,FAIL,PASS,1,11.11
No ATCCCCTTTG,327,337,FAIL,PASS,1,10.0
No GAGTTGGAGA,339,349,FAIL,PASS,1,10.0
No CCTCTACTGC,372,382,FAIL,PASS,1,10.0
No CTCGCCGAC,468,477,FAIL,PASS,1,11.11
No CT,476,478,FAIL,PASS,2,100.0
No CT,478,480,FAIL,PASS,1,50.0
