constraint,start,end,before,after,edits,% edited
30-70% GC/22bp,0,1095,PASS,PASS,12,1.1
cds,0,1095,PASS,PASS,12,1.1
No CTACAGGTGT,157,167,FAIL,PASS,1,10.0
No GGCGCTGGAA,182,192,FAIL,PASS,1,10.0
No CT,341,343,FAIL,PASS,1,50.0
No CT,343,345,FAIL,PASS,1,50.0
No ATGGTGTCGC,457,467,FAIL,PASS,1,10.0
No GAATCACAAG,505,515,FAIL,PASS,1,10.0
No TGCCGCCATG,677,687,FAIL,PASS,1,10.0
No CCGATGAAG,757,766,FAIL,PASS,1,11.11
No CCCAGGTTCC,776,786,FAIL,PASS,1,10.0
No ACCATGCCAC,854,864,FAIL,PASS,1,10.0
No AGGTAAGGCC,962,972,FAIL,PASS,1,10.0
No CGCCGAAGA,1064,1073,FAIL,PASS,1,11.11
