constraint,start,end,before,after,edits,% edited
30-70% GC/45bp,0,2268,PASS,PASS,16,0.71
cds,0,2268,PASS,PASS,16,0.71
No AA,179,181,FAIL,PASS,1,50.0
No A,179,180,FAIL,PASS,1,100.0
No CGCTCCCTC,329,338,FAIL,PASS,2,22.22
No CGTGGGTGA,779,788,FAIL,PASS,1,11.11
No AA,842,844,FAIL,PASS,1,50.0
No A,842,843,FAIL,PASS,1,100.0
No AA,844,846,FAIL,PASS,1,50.0
No CCATGTTAGC,1177,1187,FAIL,PASS,2,20.0
No GAAAGGGCT,1266,1275,FAIL,PASS,1,11.11
No GCTCAGGTGC,1272,1282,FAIL,PASS,1,10.0
No GA,1340,1342,FAIL,PASS,1,50.0
No ACAAGGAAAC,1470,1480,FAIL,PASS,1,10.0
No TCTCTGCGT,1829,1838,FAIL,PASS,1,11.11
No ACAGGAGAAT,1914,1924,FAIL,PASS,1,10.0
No CAGGAGAATT,1915,1925,FAIL,PASS,1,10.0
No CGGACGAAA,1957,1966,FAIL,PASS,1,11.11
